settled_at,placed_at,bet_id,wallet_address,event_title,event_id,outcome,token_id,side,status,order_type,order_id,order_status,limit_price,avg_fill_price,decimal_odds,stake_usdc,original_stake_usdc,total_risk_usdc,shares,original_shares,filled_shares,original_order_size,client_pnl_usdc,commission_usdc,net_usdc,settlement_tx_hash,receipt_hash,balance_verified,verified_at
2026-06-02T21:25:25.156Z,2026-06-02T10:38:59.364Z,cmpwi906c00s2humklqk22l4n,0xBA6B554Aa61c43982233cAD3E32454d8349aeC6F,Georgia vs. Romania,458489,Georgia,40476411664408419210787232930816035145936450411108091568585471726994563853218,LAY,SETTLED,GTC,0x9c5c8b9b27f1cd8bbfa667a3067dbf0420e507fcebdc2806bfe47bff298136a8,FILLED,0.56,0.56,2.272727,112,,142.545454,254.54545455,,71.63,71.63,112,2.24,109.76,0x8ba32f8ce61f620445d9d21d2381a6698ca6f2e4e1840e9d5e088577014230d7,0x56bfd25b742f254243bd4aa2a594796d95585a3fa67b3105817c0d75c68e8786,true,2026-06-02T21:25:25.227Z
2026-06-02T18:08:03.043Z,2026-06-02T10:27:23.462Z,cmpwhu37p00p3humk0i3cqgwq,0xBA6B554Aa61c43982233cAD3E32454d8349aeC6F,Roland Garros ATP: Rafael Jodar vs Alexander Zverev,545953,Alexander Zverev,84033004766153735786060235317843648243853316932231482552279219835164780666220,LAY,SETTLED,GTC,,FILLED,0.21,0.21,1.265823,119,,31.632911,150.63291139,,150.63291139,150.63291139,-31.632911,0,-31.632911,0x3b25e4228a751b9cd755e43add59cdd5db41d039afdb0a188e4e85549564173f,0x9d9e9068d52fdde52e2aa0049fa738d5246b3c6bc13851f1bc396b96851d851c,true,2026-06-02T18:08:03.165Z
2026-06-02T05:36:07.066Z,2026-06-01T16:48:14.443Z,cmpvg00h704lfhurqsvju2sa8,0xBA6B554Aa61c43982233cAD3E32454d8349aeC6F,Canada vs. Uzbekistan,451617,Canada,68699809334514963437971839442561577371495831097810443566983906175935540173125,LAY,SETTLED,GTC,,FILLED,0.4,0.4,1.666667,80,,53.333333,133.33333333,,133.33333333,133.33333333,-53.333333,0,-53.333333,0x969b0eb9fc9d943e5c65a18c921766984202368cdd939603d0ef19142f305980,0x110e4bc7138ced53e5953f23c6090896dcfb4cb9d27a923d4df7c85a3a25ee0d,true,2026-06-02T05:36:07.141Z
2026-06-02T05:36:07.053Z,2026-06-01T16:47:17.075Z,cmpvfys7n04k0hurqgpgza9ld,0xBA6B554Aa61c43982233cAD3E32454d8349aeC6F,Canada vs. Uzbekistan,451617,Canada,68699809334514963437971839442561577371495831097810443566983906175935540173125,LAY,SETTLED,GTC,0xabb5683be85ab74ca1d24cae11885e75163ecd23ceeccdd156588f76aec0aef5,FILLED,0.4,0.4,1.666667,750,,500,1250,,504.75,504.75,-500,0,-500,0x969b0eb9fc9d943e5c65a18c921766984202368cdd939603d0ef19142f305980,0x1cea8cfd24e414e267642463f7e5a58ac185eed2fb3260786bef308af10c921a,true,2026-06-02T05:36:07.141Z
2026-06-01T23:31:09.491Z,2026-06-01T18:02:37.721Z,cmpvinod504wmhurqnvoetwyz,0xBA6B554Aa61c43982233cAD3E32454d8349aeC6F,Türkiye vs. North Macedonia,458488,Türkiye,36786026657954769397622763439754766437366823626413913418914148458124491723986,LAY,SETTLED,GTC,0x2bd1c4f58c04b97efd33440821f74f712c65fdde97fa1eff61924c3aab1292e5,FILLED,0.02,0.02,1.020408,1000,,20.408163,1020.40816327,,510.20975,510.21,-20.408163,0,-20.408163,0x74d617d952343b1e4589bb42e3855a5ad369b3da6d83c56bfd9efd41ca8eae32,0x65b651ef69cc6ea7799b9dff62d329af4853018937cd30b1f8f1b556c05edda7,true,2026-06-01T23:31:09.603Z
2026-06-01T23:31:09.501Z,2026-06-01T18:02:13.798Z,cmpvin5wm04vhhurqluxtdx6u,0xBA6B554Aa61c43982233cAD3E32454d8349aeC6F,Türkiye vs. North Macedonia,458488,Türkiye,36786026657954769397622763439754766437366823626413913418914148458124491723986,LAY,SETTLED,GTC,0x118a06526ff8d79c27d175edec11fb3ce551350bafc741b34f06612693e3cf72,FILLED,0.02,0.02,1.020408,1600,,32.653061,1632.65306122,,816.33,816.33,-32.653061,0,-32.653061,0x74d617d952343b1e4589bb42e3855a5ad369b3da6d83c56bfd9efd41ca8eae32,0xc2925db3ce20fdc7d7cc85fca0be800da6a77f5ae05a85ff3ba67c37615e910a,true,2026-06-01T23:31:09.603Z
2026-06-01T23:31:09.508Z,2026-06-01T13:29:51.082Z,cmpv8wvsa037ghurqgs90e6gw,0xBA6B554Aa61c43982233cAD3E32454d8349aeC6F,Türkiye vs. North Macedonia,458488,Türkiye,36786026657954769397622763439754766437366823626413913418914148458124491723986,LAY,SETTLED,GTC,0x7b2cd3ba71b50bbb823f3ab97994780a546bbd6002554309513ecad8b868e35b,FILLED,0.18,0.18,1.219512,234,,51.365853,285.36585366,,33.65,33.65,-51.365854,0,-51.365854,0x74d617d952343b1e4589bb42e3855a5ad369b3da6d83c56bfd9efd41ca8eae32,0x63b914230690197c8ee38ddabb60d4cd15e15afa9e339f2bbdc8f172ce778c89,true,2026-06-01T23:31:09.603Z
2026-05-31T06:11:15.575Z,2026-05-29T16:05:46.427Z,cmpr45uez0g25huo40exhda9t,0xBA6B554Aa61c43982233cAD3E32454d8349aeC6F,Molde FK vs. Sandefjord Fotball,442162,Molde FK,60454381253081839362335653687703951535379576884867434738943363542138571944565,LAY,SETTLED,GTC,0x734817f22477bf7fd2cfd63982ac7aec6e82f2a6ea5cb5f9a5ae17c4947d23fe,FILLED,0.41,0.41,1.694915,500,,347.457627,847.45762712,,176.36,176.36,-347.457627,0,-347.457627,0x5f1d1b7e26eb6a1c13f6b8cd6bb41984e5c1d731e8f5cb510dc51b105d85b212,0x3644a86de1550cab57e76dc1aece28b577061b53cea4ac2aa9a04f4845a83b6d,true,2026-05-31T06:11:15.644Z
2026-05-31T06:11:15.568Z,2026-05-27T14:48:58.084Z,cmpo6jd9g04j2huy0gxa1gqbs,0xBA6B554Aa61c43982233cAD3E32454d8349aeC6F,Molde FK vs. Sandefjord Fotball,442162,Molde FK,60454381253081839362335653687703951535379576884867434738943363542138571944565,LAY,SETTLED,GTC,0xbcfb4f2d7f7630c095150a1d974ca4376c2c914b1f7dfa741fe2cea84c973c55,FILLED,0.4,0.4,1.666667,75.315734,568,50.210489,125.526665,946.66666667,125.526665,946.67,-50.210489,0,-50.210489,0x5f1d1b7e26eb6a1c13f6b8cd6bb41984e5c1d731e8f5cb510dc51b105d85b212,0x3918ee27612ae4bb6711a5ff26c8450ae14f2f7d9612c6f52b89cb452d5c0499,true,2026-05-31T06:11:15.644Z
2026-05-30T22:22:48.081Z,2026-05-30T16:25:50.742Z,cmpskbic60474hutpw340aufv,0xBA6B554Aa61c43982233cAD3E32454d8349aeC6F,UEFA Champions League Winner,33506,PSG,17522237181479319953129418683394157683167669858670412329571078616243234898741,LAY,SETTLED,GTC,0x0b5fdf78b65b319414363269bb04b89ef57c5ca9c95bec8fe9f0cfa66297951e,FILLED,0.63,0.62,2.631579,1700,,2773.684211,4473.68421053,,4121.82,4121.82,-2773.684211,0,-2773.684211,0x4dc85a80b908327086e6c3328ce68a78203a3c58f12782ccc2e93aa1e7464717,0xacdbf4d0b7db5e9570624c951cdbcd86cd750556cd1f1dce780b83e3400d4efb,true,2026-05-30T22:22:48.146Z
2026-05-30T19:21:01.655Z,2026-05-30T14:11:09.791Z,cmpsfib1b00jbhubcl0f2r9l5,0xBA6B554Aa61c43982233cAD3E32454d8349aeC6F,Paris Saint-Germain FC vs. Arsenal FC,507693,Arsenal FC,17446494501052246971059053978588166916450543663295908526245793646282323329465,LAY,SETTLED,GTC,,FILLED,0.68,0.68,3.125000,224,,476,700,,700,700,224,4.48,219.52,0x589762a350ead173cd473c713b4ccc336d61a4b1a23f8d8e00c45fb34dd5b43d,0xe471b13d66dadf385caa46443fe969e509e2bdccff4a565044ddea2941d196a5,true,2026-05-30T19:21:01.894Z
2026-05-30T19:21:01.643Z,2026-05-30T13:52:23.760Z,cmpseu66n03mjhuvhulw3e791,0xBA6B554Aa61c43982233cAD3E32454d8349aeC6F,Paris Saint-Germain FC vs. Arsenal FC,507693,Arsenal FC,17446494501052246971059053978588166916450543663295908526245793646282323329465,LAY,SETTLED,GTC,,FILLED,0.68,0.68,3.125000,112,,238,350,,350,350,112,2.24,109.76,0x589762a350ead173cd473c713b4ccc336d61a4b1a23f8d8e00c45fb34dd5b43d,0x49449d4ccc391dd76e556fde54e8fdde98296dc37ecd2faf868fe82cf1c4398a,true,2026-05-30T19:21:01.894Z
2026-05-30T04:34:36.327Z,2026-05-26T13:38:36.385Z,cmpmol1410oushuuh51jsn4vk,0xBA6B554Aa61c43982233cAD3E32454d8349aeC6F,Rosenborg BK vs. FK Bodø/Glimt,438796,Rosenborg BK,56956868480153801046342136482365136018774083296626578953297969274282621853636,LAY,SETTLED,GTC,0xdf73c5b0f8f6eafe79029326b11fc5a8d3461ad5e52cd6b3d2e05473083e18d7,FILLED,0.81,0.81,5.263158,97.6,,416.08421,513.68421053,,64.06,64.06,97.6,1.952,95.648,0x7bdbdcef88c7d1451d2881982ccc8d8e179998f46582102930d3b40e329bc722,0x935b0621a75ff6f7d3fc90151b16247ba01e10210f469385ad20d2c1c3903b70,true,2026-05-30T04:34:36.424Z
2026-05-30T04:34:36.318Z,2026-05-26T13:23:26.560Z,cmpmo1j330orzhuuhg7b1km2g,0xBA6B554Aa61c43982233cAD3E32454d8349aeC6F,Rosenborg BK vs. FK Bodø/Glimt,438796,Rosenborg BK,56956868480153801046342136482365136018774083296626578953297969274282621853636,LAY,SETTLED,GTC,0xa1493b928c069c0ef427f77f8c7c673cb987b215c711877d201e537f64f3b325,FILLED,0.81,0.81,5.263158,97.6,,416.08421,513.68421053,,62.93,62.93,97.6,1.952,95.648,0x7bdbdcef88c7d1451d2881982ccc8d8e179998f46582102930d3b40e329bc722,0xd61afa7fedc4885f2a847138c9226aeae75084cadee39b85f3997485a6a5d6d6,true,2026-05-30T04:34:36.424Z
2026-05-30T04:34:36.311Z,2026-05-26T09:37:20.595Z,cmpmfyrir0n8qhuuh4l35zb5n,0xBA6B554Aa61c43982233cAD3E32454d8349aeC6F,Rosenborg BK vs. FK Bodø/Glimt,438796,FK Bodø/Glimt,25103005508849596835849445145085728010450776535225267642404026731802706737588,LAY,SETTLED,GTC,,FILLED,0.38,0.38,1.612903,283,,173.451612,456.4516129,,456.4516129,456.4516129,283,5.66,277.34,0x4c89d4a89bc457f982e25c5c6e5e184dd2a7de677d9f38353150976674a6c75a,0xa32e9e0aa9502886e413225c6bb7a8e58f0da2b8c3e373069a4cbd47cf45c80a,true,2026-05-30T04:34:36.424Z
2026-05-30T04:34:36.299Z,2026-05-26T09:08:29.989Z,cmpmexo6d0n20huuhxo0so5pp,0xBA6B554Aa61c43982233cAD3E32454d8349aeC6F,Rosenborg BK vs. FK Bodø/Glimt,438796,Rosenborg BK,56956868480153801046342136482365136018774083296626578953297969274282621853636,LAY,SETTLED,GTC,0x3e6094744c961889ee6f21fc65aa4c0f1e23c8548b555ced6ae85928177e8015,FILLED,0.81,0.81,5.263158,97.6,,416.08421,513.68421053,,59.59,59.59,97.6,1.952,95.648,0x7bdbdcef88c7d1451d2881982ccc8d8e179998f46582102930d3b40e329bc722,0x175343b2f11d32be8dc8e6e0362c9320cca087c3540e036a72f76a36f79269c4,true,2026-05-30T04:34:36.424Z
2026-05-30T04:29:40.566Z,2026-05-29T16:32:46.109Z,cmpr54k640gdphuo4f48jjng5,0xBA6B554Aa61c43982233cAD3E32454d8349aeC6F,Vålerenga Fotball vs. Kristiansund BK,438795,Vålerenga Fotball,32218892915830992446210449995607080922106860307542528019905327869667768428972,LAY,SETTLED,GTC,,FILLED,0.42,0.42,1.724138,450,,325.862068,775.86206897,,775.86206897,775.86206897,-325.862069,0,-325.862069,0x73381e5744090a4510f6768e306477897d90331c26d885df9bda74a9a0028058,0x3df7f25dc372b66162655251409eed6ad79c61175430abe222b41e9cda94a277,true,2026-05-30T04:29:40.652Z
2026-05-30T04:29:40.549Z,2026-05-26T20:58:43.690Z,cmpn4b1490qf2huuhuxkti1lk,0xBA6B554Aa61c43982233cAD3E32454d8349aeC6F,Vålerenga Fotball vs. Kristiansund BK,438795,Kristiansund BK,92692614374074580543742118925406940615660257025721992180995700260883217657669,LAY,SETTLED,GTC,0xb90ee350a0d7f6251dd3896d2ec71d2ad25634ca4671b7215c5faf5c13a1ab10,FILLED,0.83,0.83000002,5.882354,88,,429.647058,517.64705882,,517.53821,517.65,87.981485,0,87.981485,0x23cbedd3d65892aaba97017f8b2e9ab1192193a02bd805a3c02f1918633a537a,0x90930f7db626e4bbb7ccbed167fe550f98c2a5015a97466fcca56d59b16fb19f,true,2026-05-30T04:29:40.652Z
2026-05-30T04:29:40.573Z,2026-05-26T09:48:39.416Z,cmpmgdbaw0n9yhuuhxy8gx82t,0xBA6B554Aa61c43982233cAD3E32454d8349aeC6F,Vålerenga Fotball vs. Kristiansund BK,438795,Kristiansund BK,92692614374074580543742118925406940615660257025721992180995700260883217657669,LAY,SETTLED,GTC,0xa720eb64efddba5ce5f0e6dee1d7c4787592296baa1486d38faabf9320757b85,FILLED,0.84,0.84,6.250000,41.5,,217.875,259.375,,259.25,259.38,41.48,0,41.48,0x23cbedd3d65892aaba97017f8b2e9ab1192193a02bd805a3c02f1918633a537a,0x6fab5abaf13d92fe46e44fe5a7b86c0b9d3a26cde97198e4d32f5461216042c3,true,2026-05-30T04:29:40.652Z
2026-05-30T04:29:40.558Z,2026-05-26T09:14:21.928Z,cmpmf57qf0n3zhuuh6svurzkt,0xBA6B554Aa61c43982233cAD3E32454d8349aeC6F,Vålerenga Fotball vs. Kristiansund BK,438795,Vålerenga Fotball,32218892915830992446210449995607080922106860307542528019905327869667768428972,LAY,SETTLED,GTC,0x9b3fe3e6c2f6e75999cebd7886cb543e1f8aa9ac99e1d8cb8088749b7d28791c,FILLED,0.37,0.37000003,1.587302,135.772413,587,79.739354,215.512685,931.74603175,215.512685,931.75,-79.739364,0,-79.739364,0x73381e5744090a4510f6768e306477897d90331c26d885df9bda74a9a0028058,0xee97c2f38afed79452bfc186317a84574c58789356fe0c3539823b393b61115a,true,2026-05-30T04:29:40.652Z
2026-05-28T05:15:11.446Z,2026-05-27T14:25:13.727Z,cmpo5ou7y04d6huy0mthx7ips,0xBA6B554Aa61c43982233cAD3E32454d8349aeC6F,Crystal Palace FC vs. Rayo Vallecano de Madrid,482035,Crystal Palace FC,10407655380976217413039472400012493861399757172241315699503549873991644223789,LAY,SETTLED,GTC,,FILLED,0.54,0.54,2.173913,345,,405,750,,750,750,-405,0,-405,0xa76790580e6d0a84b62d74be7df7646b9fc1cabe508126ffc768c080888496c5,0xff65bb0e6b850d24033a5bea8615fe11213474809bb22004746be2c1e7b04901,true,2026-05-28T05:15:11.531Z
2026-05-28T05:15:11.454Z,2026-05-26T20:52:07.983Z,cmpn42jse0qeehuuhm6ybmvjx,0xBA6B554Aa61c43982233cAD3E32454d8349aeC6F,Crystal Palace FC vs. Rayo Vallecano de Madrid,482035,Rayo Vallecano de Madrid,107851295821051016605370810367890976934126172192119273534719859632546192332927,LAY,SETTLED,GTC,,FILLED,0.78,0.78,4.545455,83.4,,295.690909,379.09090909,,379.09090909,379.09090909,83.4,0,83.4,0x73c3c52235720299358fbdfc32745d636f34855a597342d2f11e1b2f4252c879,0xaf1e964b811a24cd7b706b4b192fbd27795d89b1d6a7dbf6ab8705e8051fcaf2,true,2026-05-28T05:15:11.531Z
2026-05-27T04:35:56.877Z,2026-05-26T21:03:16.236Z,cmpn4gvez0qhthuuhbb50zu5v,0xBA6B554Aa61c43982233cAD3E32454d8349aeC6F,Avalanche vs. Golden Knights,506323,Under,48248613326573051757735345674612093999920195686704505278691359949440390745942,LAY,SETTLED,GTC,0xcc622f566579a5716f20ee321f3e57b87db92fd28d315a4564603a6a3890da96,FILLED,0.2,0.2,1.250000,230,,57.5,287.5,,287.5,287.5,230,4.6,225.4,0xb660e7b8b8eecae975074eefc4fa428f288d0aa973156f3c1a3997f6095f0fcc,0x5b881a635cf6fbee33630a9773bbc73450a4f7ea002489ad9e5ea06f15bbc540,true,2026-05-27T04:35:57.020Z
2026-05-27T03:46:10.103Z,2026-05-26T09:51:16.056Z,cmpmggo600nathuuhwu2fvj4z,0xBA6B554Aa61c43982233cAD3E32454d8349aeC6F,Spurs vs. Thunder,504438,Thunder,53919346162802748120847155404148342783978231188785990665971474884640857460504,LAY,SETTLED,GTC,,FILLED,0.38,0.38,1.612903,113,,69.258064,182.25806452,,182.25806452,182.25806452,-69.258065,0,-69.258065,0x2d06d4a7cf5f7d33e1f24ba2bcdd81ab79f61a4f08e4477fb89f5c83033c7343,0x4694d83de43a3081bd6a1e79a25d6e0497b3498fdb5f39cebb9e11e78d1e50d0,true,2026-05-27T03:46:10.206Z
2026-05-27T03:46:10.096Z,2026-05-26T09:11:29.774Z,cmpmf1iwe0n3fhuuhsi9x6f5n,0xBA6B554Aa61c43982233cAD3E32454d8349aeC6F,Spurs vs. Thunder,504438,Thunder,53919346162802748120847155404148342783978231188785990665971474884640857460504,LAY,SETTLED,GTC,,FILLED,0.38,0.38,1.612903,227,,139.129032,366.12903226,,366.12903226,366.12903226,-139.129032,0,-139.129032,0x2d06d4a7cf5f7d33e1f24ba2bcdd81ab79f61a4f08e4477fb89f5c83033c7343,0x32f702a44be0978e11caba5608e35bf99206907ccdfdc825330ebeabbed633d7,true,2026-05-27T03:46:10.206Z
2026-05-25T22:11:48.444Z,2026-05-25T07:11:12.913Z,cmpkvazo10grehuuhdm7lihc3,0xBA6B554Aa61c43982233cAD3E32454d8349aeC6F,Sandefjord Fotball vs. Fredrikstad FK,425053,Sandefjord Fotball,76451525754401377402692936532306820963493997918076895119872589971921502327163,LAY,SETTLED,GTC,0x9c97834d381944d3a5685870e647bd4251fd4a49f8d54b4a2ab8507ab246a7d8,FILLED,0.51,0.51,2.040816,230,,239.387755,469.3877551,,177.72,177.72,230,4.6,225.4,0xcec6fd57a71e6eab73d3f7402c47d2b385c7f1727b4dbba697f8e7c8ffad709d,0xca7e95c6b1db21b3a22f77e2248dd99a6662c59d62ab562b2b66960811f89838,true,2026-05-25T22:11:48.517Z
2026-05-25T20:22:20.872Z,2026-05-25T14:51:19.077Z,cmplbqopx0jq4huuh29lljxkr,0xBA6B554Aa61c43982233cAD3E32454d8349aeC6F,Hamarkameratene vs. Lillestrøm SK,421160,Lillestrøm SK,8138136048979044484861605687519554433512217066360708150541116785590949833930,LAY,SETTLED,GTC,,FILLED,0.52,0.52,2.083333,41,,44.416666,85.41666667,,85.41666667,85.41666667,41,0.82,40.18,0x824a469b3d15e96a41779fceb9997a0822d336c04767ed437e848338a24a2cf9,0xae6605bfe4f1b876907fc39e36a8ab050389f2e425f6936e2ac69e7788fb0c81,true,2026-05-25T20:22:20.954Z
2026-05-25T20:22:20.864Z,2026-05-25T14:50:58.187Z,cmplbq8lm0jpmhuuh3355csky,0xBA6B554Aa61c43982233cAD3E32454d8349aeC6F,Hamarkameratene vs. Lillestrøm SK,421160,Lillestrøm SK,8138136048979044484861605687519554433512217066360708150541116785590949833930,LAY,SETTLED,GTC,,FILLED,0.52,0.52,2.083333,490,,530.833333,1020.83333333,,1020.83333333,1020.83333333,490,9.8,480.2,0x824a469b3d15e96a41779fceb9997a0822d336c04767ed437e848338a24a2cf9,0xfde5145095a8d962f4165d6116d26171900a157c4cd44452ad4a1ea52ec5e433,true,2026-05-25T20:22:20.954Z
2026-05-25T17:11:48.414Z,2026-05-25T06:41:17.055Z,cmpku8hz30goxhuuhvgsnietz,0xBA6B554Aa61c43982233cAD3E32454d8349aeC6F,IK Start vs. Vålerenga Fotball,425049,Vålerenga Fotball,104947059335552227272589662642024019159142255656099039083571980622918560971612,LAY,SETTLED,GTC,0x415457315c4ec3dd38c3fea7937890ddd017e035132b5af9fae8785248aa54b5,FILLED,0.56,0.56,2.272727,348,,442.90909,790.90909091,,521.06,521.06,348,6.96,341.04,0x5b2b39550b676bf45382b8b146743f754f2bcc61e8ca97f451b7778104fc207e,0xe1f2e9257a2164c14ed5f763449c455969ec56431da7609efe954f596fb2466a,true,2026-05-25T17:11:48.594Z
2026-05-25T02:01:47.087Z,2026-05-24T20:57:51.706Z,cmpk9e7o90dkjhuuht1yae607,0xBA6B554Aa61c43982233cAD3E32454d8349aeC6F,Columbus Crew vs. Atlanta United FC,424460,Columbus Crew,82974270586387078325004809134114567220909630459064921586333877173896651121748,LAY,SETTLED,GTC,,FILLED,0.39,0.39,1.639344,132,,84.393442,216.39344262,,216.39344262,216.39344262,-84.393443,0,-84.393443,0xeac19e2f76915e11464b0584cf4ffa16ff5564ec6ecde396c29786d78377bbef,0xe409565391de0686ee355d92cd159557ee60faf482de151152178c098ff172a6,true,2026-05-25T02:01:47.201Z
2026-05-25T02:01:47.078Z,2026-05-24T20:57:20.284Z,cmpk9djfg0djyhuuh9a0kgvgr,0xBA6B554Aa61c43982233cAD3E32454d8349aeC6F,Columbus Crew vs. Atlanta United FC,424460,Columbus Crew,82974270586387078325004809134114567220909630459064921586333877173896651121748,LAY,SETTLED,GTC,,FILLED,0.39,0.39,1.639344,1050,,671.311475,1721.31147541,,1721.31147541,1721.31147541,-671.311475,0,-671.311475,0xeac19e2f76915e11464b0584cf4ffa16ff5564ec6ecde396c29786d78377bbef,0x4c106a1470d5ebcddd937d4d936bd24414a49a9870c7051f5c7816147528b55f,true,2026-05-25T02:01:47.201Z
2026-05-25T02:01:47.063Z,2026-05-24T20:54:45.197Z,cmpk9a7rh0diphuuhvjhvpb3i,0xBA6B554Aa61c43982233cAD3E32454d8349aeC6F,Columbus Crew vs. Atlanta United FC,424460,Columbus Crew,82974270586387078325004809134114567220909630459064921586333877173896651121748,LAY,SETTLED,GTC,,FILLED,0.39,0.39,1.639344,40,,25.57377,65.57377049,,65.57377049,65.57377049,-25.57377,0,-25.57377,0xeac19e2f76915e11464b0584cf4ffa16ff5564ec6ecde396c29786d78377bbef,0xef4d57792ce78629cf54a5828939d47b52cb2cd6ce1bb30cc6fccd425b299a55,true,2026-05-25T02:01:47.201Z
2026-05-25T02:01:47.071Z,2026-05-24T20:54:06.942Z,cmpk99e8u0dgthuuhv9xtvui0,0xBA6B554Aa61c43982233cAD3E32454d8349aeC6F,Columbus Crew vs. Atlanta United FC,424460,Columbus Crew,82974270586387078325004809134114567220909630459064921586333877173896651121748,LAY,SETTLED,GTC,,FILLED,0.39,0.39,1.639344,480,,306.885245,786.8852459,,786.8852459,786.8852459,-306.885246,0,-306.885246,0xeac19e2f76915e11464b0584cf4ffa16ff5564ec6ecde396c29786d78377bbef,0x6dc3ab62e6f021bf12cc640f51ad766cbc16ef82aadfa1c1438d8a5aa60b05c4,true,2026-05-25T02:01:47.201Z
2026-05-25T00:22:32.577Z,2026-05-23T21:46:33.557Z,cmpivozit01afhux9awlf9t6s,0xBA6B554Aa61c43982233cAD3E32454d8349aeC6F,Hellas Verona FC vs. AS Roma,496295,Hellas Verona FC,420581563065617772810257494141163181719711569634120603184753535670360570539,LAY,SETTLED,GTC,0xb2ef6016945b6ab331ccbd941a4c259b51f93ceabcf4a386be285d24c19de718,FILLED,0.92,0.92,12.500000,88,,1012,1100,,1100.01,1100.01,88,1.76,86.24,0x21b2a601722a5c45559a70e25628fa724c7ee9af02cf513e482770d968afd7e1,0xd7da0b782d16911466754334af0bcb4e4192ccedef7a4d67184293846bc275d0,true,2026-05-25T00:22:32.655Z
2026-05-25T00:22:32.566Z,2026-05-23T21:38:57.577Z,cmpivf7oo013nhux9qal2kjzp,0xBA6B554Aa61c43982233cAD3E32454d8349aeC6F,Hellas Verona FC vs. AS Roma,496295,Hellas Verona FC,420581563065617772810257494141163181719711569634120603184753535670360570539,LAY,SETTLED,GTC,0x7565e371422cc2cf8d43fa06a4141d6c0a3d950a96416342e9f64139530c2b3c,FILLED,0.92,0.92,12.500000,88,,1012,1100,,742.29,742.29,88,1.76,86.24,0x21b2a601722a5c45559a70e25628fa724c7ee9af02cf513e482770d968afd7e1,0x132d2d9caf91e12265ac03ce44a092660bdba632685ea551b47a0e53d2a0e141,true,2026-05-25T00:22:32.655Z
2026-05-24T23:01:57.002Z,2026-05-24T20:26:42.421Z,cmpk8a5bo0d4thuuhf5jqrabn,0xBA6B554Aa61c43982233cAD3E32454d8349aeC6F,Torino FC vs. Juventus FC,496299,Juventus FC,92040046947457987208595851312448343314479947348656419727424767268154739792737,LAY,SETTLED,GTC,0x28c2668cffc1b4004f7109b7bfa95423f1e38ec245aca89b30ca439d34d18fa6,FILLED,0.18,0.18,1.219512,3000,,658.536585,3658.53658537,,3658.54,3658.54,3000,60,2940,0xf32eb659e91a506e2c1ba3a54c353608ebf5f4c12b8897282474187f71bb3f8d,0x016e4d749090cdd22e418af4dda0a7ff3f233fa69425232de3ea1b51844afe7f,true,2026-05-24T23:01:57.071Z
2026-05-24T23:01:56.995Z,2026-05-24T20:28:02.090Z,cmpk8busq0d5whuuhwzx9319o,0xBA6B554Aa61c43982233cAD3E32454d8349aeC6F,Torino FC vs. Juventus FC,496299,Juventus FC,92040046947457987208595851312448343314479947348656419727424767268154739792737,LAY,SETTLED,GTC,0x2e0fb8bc4bc3f6883457c27620ff4d23fff22670c349b41c00b2b197d5dbb198,FILLED,0.18,0.18,1.219512,50,,10.975609,60.97560976,,60.98,60.98,50,1,49,0xf32eb659e91a506e2c1ba3a54c353608ebf5f4c12b8897282474187f71bb3f8d,0xf88db80da7b6c32705cd9962ac6db522dbb9e66d20159829c095c321b1c6bbd3,true,2026-05-24T23:01:57.071Z
2026-05-24T21:37:09.909Z,2026-05-23T21:36:12.190Z,cmpivbo2m012fhux9an3pnl8n,0xBA6B554Aa61c43982233cAD3E32454d8349aeC6F,AC Milan vs. Cagliari Calcio,496282,Cagliari Calcio,37743663038367536301309798872841195166773999407637719957665461989497523104894,LAY,SETTLED,GTC,,FILLED,0.93,0.93,14.285714,93.3,,1239.557142,1332.85714286,,1332.85714286,1332.85714286,-1239.557143,0,-1239.557143,0x939e4ce0a45606d6a7988c4cf2ca0d0952499999317f460ad4d511c8c416b8fe,0x93ced4d07bc3cbc9880333f91939a6522e8cd9fae092fd974797475d879739bc,true,2026-05-24T21:37:10.012Z
2026-05-24T21:22:20.177Z,2026-05-24T07:51:26.114Z,cmpjhav1d03czhux9vm0vvenv,0xBA6B554Aa61c43982233cAD3E32454d8349aeC6F,SSC Napoli vs. Udinese Calcio,496275,Udinese Calcio,45061893392822915580407204540992389047895786401178831043993277723935185721541,LAY,SETTLED,GTC,,FILLED,0.86,0.86,7.142857,44,,270.285714,314.28571429,,314.28571429,314.28571429,44,0,44,0x7616e1142772f860113cf7e49ce011b45dbe6af211bd66175fb55a2a9141ab3a,0x09bbd7b1d435052c4dc9b51c36363af1d2e69f2180ce5e3cf810b74d93f4bb89,true,2026-05-24T21:22:20.288Z
2026-05-24T21:22:20.183Z,2026-05-24T07:48:09.647Z,cmpjh6nfz03amhux9bn8labtj,0xBA6B554Aa61c43982233cAD3E32454d8349aeC6F,SSC Napoli vs. Udinese Calcio,496275,Udinese Calcio,45061893392822915580407204540992389047895786401178831043993277723935185721541,LAY,SETTLED,GTC,,FILLED,0.86,0.86,7.142857,44,,270.285714,314.28571429,,314.28571429,314.28571429,44,0,44,0x7616e1142772f860113cf7e49ce011b45dbe6af211bd66175fb55a2a9141ab3a,0xf4a236d6eb4de2a767b428eaa67db1dda7981b3296251854646d140eba2aa0d4,true,2026-05-24T21:22:20.288Z
2026-05-24T21:22:20.159Z,2026-05-24T07:43:25.980Z,cmpjh0kkc039mhux9auz5pujb,0xBA6B554Aa61c43982233cAD3E32454d8349aeC6F,SSC Napoli vs. Udinese Calcio,496275,Udinese Calcio,45061893392822915580407204540992389047895786401178831043993277723935185721541,LAY,SETTLED,GTC,,FILLED,0.86,0.86,7.142857,44,,270.285714,314.28571429,,314.28571429,314.28571429,44,0,44,0x7616e1142772f860113cf7e49ce011b45dbe6af211bd66175fb55a2a9141ab3a,0xfcbfd79d06d3213e795fb23cfc927c84f9af2b2c4d99748d69f03e2323c9505e,true,2026-05-24T21:22:20.288Z
2026-05-24T21:22:20.143Z,2026-05-24T07:03:27.010Z,cmpjfl5i9034fhux9qvvofw3r,0xBA6B554Aa61c43982233cAD3E32454d8349aeC6F,SSC Napoli vs. Udinese Calcio,496275,SSC Napoli,54689533751483733872848715727611231933576715712315192634884580023632543549054,LAY,SETTLED,GTC,0x4045df885e352dcb0e1b3a1de0e96013988717b5ffe19dfa9a185ff5399e3ff4,FILLED,0.36,0.36,1.562500,3050,,1715.625,4765.625,,4765.625,4765.63,-1715.625,0,-1715.625,0x87dd2c292bbcaf43f76df386ee300044b68c433b8f7f4e8e46012cac061d6b5c,0x4137e51eb9229f60a283339863e9f1b87709725abba1dbcf67f10764068590f7,true,2026-05-24T21:22:20.288Z
2026-05-24T21:22:20.134Z,2026-05-23T21:41:30.397Z,cmpivihlp015bhux9whcm6eof,0xBA6B554Aa61c43982233cAD3E32454d8349aeC6F,SSC Napoli vs. Udinese Calcio,496275,SSC Napoli,54689533751483733872848715727611231933576715712315192634884580023632543549054,LAY,SETTLED,GTC,0xc4caa0017cad4c9d20121d6c80e5f39adfe128ba57c01ff7d3123fdecdc15d36,FILLED,0.35,0.35,1.538462,232,,124.923076,356.92307692,,356.926151,356.93,-124.923077,0,-124.923077,0x87dd2c292bbcaf43f76df386ee300044b68c433b8f7f4e8e46012cac061d6b5c,0x6702279b10a8d39f614bac1bdcf03cce538bb678ea90fd3079be26549de8ce54,true,2026-05-24T21:22:20.288Z
2026-05-24T19:47:49.769Z,2026-05-24T07:40:05.807Z,cmpjgwa3y038bhux9ierfaqt2,0xBA6B554Aa61c43982233cAD3E32454d8349aeC6F,Crystal Palace FC vs. Arsenal FC,472505,Crystal Palace FC,61195148787473753768167135658599293675474103280762616263547869252642481581915,LAY,SETTLED,GTC,,FILLED,0.76,0.76,4.166667,42,,133,175,,175,175,42,0.84,41.16,0x93ff6b9854ea9b1dd09f2e37dcfb600f630c19bd0bfeec200a4294ce2341c099,0xa156c7811ebd22928a8365f3d92083cd2b2a0439c68613ebaf21ab28c4d78453,true,2026-05-24T19:47:49.961Z
2026-05-24T19:47:49.762Z,2026-05-23T21:22:43.608Z,cmpiuuc6000z1hux9lw5tqgzp,0xBA6B554Aa61c43982233cAD3E32454d8349aeC6F,Crystal Palace FC vs. Arsenal FC,472505,Crystal Palace FC,61195148787473753768167135658599293675474103280762616263547869252642481581915,LAY,SETTLED,GTC,,FILLED,0.78,0.78,4.545455,41,,145.363636,186.36363636,,186.36363636,186.36363636,41,0.82,40.18,0x93ff6b9854ea9b1dd09f2e37dcfb600f630c19bd0bfeec200a4294ce2341c099,0x34d9826aed0d98e92377437e51d0a3b7a8d4767439ace28a216407b28d3d7771,true,2026-05-24T19:47:49.961Z
2026-05-24T19:47:34.787Z,2026-05-23T21:19:35.006Z,cmpiuqan200yihux91dpo97zx,0xBA6B554Aa61c43982233cAD3E32454d8349aeC6F,Manchester City FC vs. Aston Villa FC,472518,Aston Villa FC,93475883497195611163608519807303280046937471737516184047477183242687406590612,LAY,SETTLED,GTC,,FILLED,0.91,0.91,11.111111,46,,465.111111,511.11111111,,511.11111111,511.11111111,-465.111111,0,-465.111111,0xddf7243917d6a8731cec3f41178dbfa2b441ea4891d429ad1fc5e6839e9067eb,0x666577ba6195e87f932f971abe0135873bc1b7b26cf3280fb168fdb19a346d8f,true,2026-05-24T19:47:34.940Z
2026-05-24T19:22:46.989Z,2026-05-24T06:13:39.669Z,cmpjdt4gk02vvhux9uuhtllxk,0xBA6B554Aa61c43982233cAD3E32454d8349aeC6F,Brighton & Hove Albion FC vs. Manchester United FC,472495,Brighton & Hove Albion FC,98250928170404540880965241165228087347045759181256135682519159302007391995489,LAY,SETTLED,GTC,0x42f12735c971f02b57034cefcfb1c0ccf66c7a1a5b7a8498a41e6a7f23950e04,FILLED,0.45,0.45,1.818182,3867,,3163.90909,7030.90909091,,1411.11,1411.11,3867,77.34,3789.66,0x06e9cf099c6e005e11b8034b69e5ed8d5a1115c5a1f8e915e8ffa1c5ab91578c,0xaa7875cd52e519cb30ff0052828b71f8f8a4cdc6e304a4b3a0bd3b19759b0d1e,true,2026-05-24T19:22:47.094Z
2026-05-24T02:32:08.438Z,2026-05-23T21:31:18.344Z,cmpiv5dc8011rhux98bikze28,0xBA6B554Aa61c43982233cAD3E32454d8349aeC6F,Canadiens vs. Hurricanes,502386,Hurricanes,110318953828458642590135924448148426710747009024594491894356520693564229470539,LAY,SETTLED,GTC,,FILLED,0.36,0.36,1.562500,112,,63,175,,175,175,-63,0,-63,0xf202552bc42d6d37c41b7f5b5e23ab0ed2bbe617651fe973ddefc09545867913,0x0ce6d5e107eb2fe9e786a2883852be3ce13f1ee4938a9e3505e07f3ed2995abb,true,2026-05-24T02:32:08.510Z
2026-05-22T23:58:16.695Z,2026-05-22T07:44:54.278Z,cmpgm6rd205s2hul8a8lbp9wf,0xBA6B554Aa61c43982233cAD3E32454d8349aeC6F,Valencia vs. Real Madrid,491662,Valencia,10983884567583371919221232643271331514040632141721322914065827052804830515766,LAY,SETTLED,GTC,0x7b8e4b11b1b3b82b8bc45cab0e2f3b9865ea9ba3a4ea988c8fc18d5d8a4f17de,FILLED,0.49,0.49,1.960784,78,,74.941176,152.94117647,,132.1,132.1,78,1.56,76.44,0xdf50ebd2be7eea3275cf617a6eba3fbd565de995b420704c93d652df5fcd1048,0x31a1bbc1452d00f0e7bf859cdb3cc830b63eb486b890bae6b1cb66e9352e429d,true,2026-05-22T23:58:16.820Z
2026-05-22T23:58:16.729Z,2026-05-22T07:44:04.450Z,cmpgm5owy05qvhul8ya5091p7,0xBA6B554Aa61c43982233cAD3E32454d8349aeC6F,Valencia vs. Real Madrid,491662,Valencia,10983884567583371919221232643271331514040632141721322914065827052804830515766,LAY,SETTLED,GTC,0xc7f161de100e07076904a01cae752d2085572369a57db0e850401c01d8d9de81,FILLED,0.48,0.48,1.923077,25.443205,103,23.486035,48.93,198.07692308,48.93,198.08,25.443205,0.508864,24.934341,0xdf50ebd2be7eea3275cf617a6eba3fbd565de995b420704c93d652df5fcd1048,0x3243ca9ea713562c934fad35d637c84dc0a9eff7c207d803e4cf36f5ebffa035,true,2026-05-22T23:58:16.820Z
2026-05-22T23:58:16.736Z,2026-05-22T07:38:02.219Z,cmpglxxez05pbhul8jipborxr,0xBA6B554Aa61c43982233cAD3E32454d8349aeC6F,Valencia vs. Real Madrid,491662,Valencia,10983884567583371919221232643271331514040632141721322914065827052804830515766,LAY,SETTLED,GTC,0x75316c137cad79bc33a95d557e0f04a6310e8394b02ff5e34b45d4be5eb79ae0,FILLED,0.48,0.48,1.923077,124,,114.461538,238.46153846,,202.82,202.82,123.992779,2.479856,121.512923,0xdf50ebd2be7eea3275cf617a6eba3fbd565de995b420704c93d652df5fcd1048,0xa83c068ae7b7e82c478d1b4a2ab6a4fed92ab0f3537b91e947212e1eabba4a70,true,2026-05-22T23:58:16.820Z
2026-05-22T23:28:20.094Z,2026-05-22T07:16:00.935Z,cmpgl5lwm05omhul80xpm9r3b,0xBA6B554Aa61c43982233cAD3E32454d8349aeC6F,Racing Club de Lens vs. OGC Nice,417339,Racing Club de Lens,2162224501099180719265489541567257539870484858912204217935565540141443457519,LAY,SETTLED,GTC,,FILLED,0.36,0.36,1.562500,233,,131.0625,364.0625,,364.0625,364.0625,-131.0625,0,-131.0625,0x99b2fde0aa98f1654b8f354c2786e2888c72711f86828c1d56aac0f7e923cb05,0x8586776debe454006948c768060f70a3da642569f7cd91e70797d0b79451071d,true,2026-05-22T23:28:20.166Z
2026-05-19T22:51:13.539Z,2026-05-19T13:15:16.094Z,cmpcno1z200fghumt7vsh1b5h,0xBA6B554Aa61c43982233cAD3E32454d8349aeC6F,AFC Bournemouth vs. Manchester City FC,453770,Manchester City FC,99569156108398980363100881959946272812368919094152389618505020290436760462827,LAY,SETTLED,GTC,,FILLED,0.39,0.39,1.639344,4558,,2914.131147,7472.13114754,,7472.13114754,7472.13114754,4558,91.16,4466.84,0xb201a11a44c09e88d193c1b7d090179b8662e0ffb8ccd9f2cb759cf6869e15d0,0x30630371c6dc35a547a85479f4a189728c9da93831f55f15b2f998e9660b29e2,true,2026-05-19T22:51:13.619Z
2026-05-18T22:14:32.332Z,2026-05-18T17:00:42.911Z,cmpbga4ny014chu7ufafa5txn,0xBA6B554Aa61c43982233cAD3E32454d8349aeC6F,Arsenal FC vs. Burnley FC,450141,Arsenal FC,51872197378558358486129481623773357116793267773599684246155052432874097734741,LAY,SETTLED,GTC,,FILLED,0.12,0.12,1.136364,562,,76.636363,638.63636364,,638.63636364,638.63636364,-76.636364,0,-76.636364,0x5a66d3a5d31cae18ebb072db8f46454a6d79dfd29a5ea51c858607a4cd4419d1,0x367167f508d96d67eb0a2e1a93cc80f0a45831b73f29fd25036f4dc7d6199f4a,true,2026-05-18T22:14:32.447Z
2026-05-12T22:43:59.993Z,2026-05-11T09:23:33.432Z,cmp0zv9a002bxhu5htuo13dpc,0xBA6B554Aa61c43982233cAD3E32454d8349aeC6F,Real Betis Balompié vs. Elche CF,430011,Elche CF,85148425341027872526926580121003674794006918224645939725855732217462395663243,LAY,SETTLED,GTC,0x7d7ed6014ad91f7cb8e29a51f8ce8af3b657967c45487ccdc8409c761c84ceb1,FILLED,0.83,0.83,5.882353,39.7,,193.829411,233.52941176,,116.77,116.77,39.7,0.794,38.906,0x84c9f8a59b1bacb27a70abe75377b25153f5bef6bce18487e04a75df3adb90d0,0x68a819c9498c3073281c9c0799b97b6b19ea1b1f154b8f09ca2000565d327988,true,2026-05-12T22:44:00.131Z
2026-05-12T01:13:08.805Z,2026-05-11T18:07:58.187Z,cmp1ilnmz00nrhu7y6hoj8icl,0xBA6B554Aa61c43982233cAD3E32454d8349aeC6F,SSC Napoli vs. Bologna FC 1909,425498,SSC Napoli,14594965170288501608398780518215201083520272639825021186627858192860072179819,LAY,SETTLED,GTC,0x2428824861d73607282336d1e332b96ccc1d2072aea00161d281088a465bc1cb,FILLED,0.37,0.37,1.587302,2317.38,,1361.000952,3678.38095238,,1839.2,1839.2,2317.38,46.3476,2271.0324,0x2a151f4ed79de6f04ad96998e0679789f5d6b7c357f6aff1c84d7d7b17307e8f,0x1781462ec0cf69a88012fbdbb03dc917a798baa817f663ef2350b4fffe8bb064,true,2026-05-12T01:13:08.942Z
2026-05-10T22:46:09.680Z,2026-05-10T16:41:47.234Z,cmp002z1e00fnhuczev44dt1k,0xBA6B554Aa61c43982233cAD3E32454d8349aeC6F,1. FSV Mainz 05 vs. 1. FC Union Berlin,422410,1. FSV Mainz 05,79827668478884412998763497054405955007354099889382155313742174919556739356522,LAY,SETTLED,GTC,0x5fc2beb9a5c77a92448b638054a6ae9d4e74f3a449e31dfd9a2ce4afa8b79a75,FILLED,0.45,0.45,1.818182,2530,,2070,4600,,2300,2300,2530,50.6,2479.4,0x3d3256cb4b1fea21f6a65b78c07cfb14a3e4c5ef9cb22fbad590c0b69d639d9b,0x8a8b4b181608a7ebb28c88a7d89ec5f8e09e74ca5d88051921326732d80e629b,true,2026-05-10T22:46:09.771Z
2026-05-05T00:36:08.507Z,2026-05-03T14:14:55.174Z,cmopur4xy05lwhu8oh151zr3v,0xBA6B554Aa61c43982233cAD3E32454d8349aeC6F,Everton FC vs. Manchester City FC,401640,Everton FC,84130032454746516849499959810443561468973850899561650201201993728347005342171,LAY,SETTLED,GTC,0x6514194ae62da69de549dbac2f2f3b64923bc760780876e7cb0d45673c018882,FILLED,0.86,0.86,7.142857,90.5,,555.928571,646.42857143,,323.22,323.22,90.5,1.3575,89.1425,0x42ccb27dd92b70c60954302a4856b2112d44851bb479643e30d8a0254cc33418,0x029476407e90b3cd8e3f7f327a710e0286f33c4239b94d9f77bf80affb6819d4,true,2026-05-05T00:36:08.604Z
